01_NizhnyNovgorodKremlin/dmit-bashnya-min.png,https://kremlnn.ru/towers/#tower-78
01_NizhnyNovgorodKremlin/kladovaya-min.jpg,https://kremlnn.ru/towers/#tower-79
01_NizhnyNovgorodKremlin/nikolskaya.png,https://kremlnn.ru/towers/#tower-80
01_NizhnyNovgorodKremlin/koromislova.png,https://kremlnn.ru/towers/#tower-81
01_NizhnyNovgorodKremlin/Tainitskaya2jpg-min.jpg,https://kremlnn.ru/towers/#tower-82
01_NizhnyNovgorodKremlin/severnaya.jpg,https://yandex.ru/maps/org/severnaya_bashnya/87951137278/gallery/?ll=43.998108%2C56.328743&photos%5Bbusiness%5D=87951137278&photos%5Bid%5D=urn%3Ayandex%3Asprav%3Aphoto%3Ape0-cd-RN4mz9CO95-4D-ngaTVpKI-p&z=16
01_NizhnyNovgorodKremlin/7377598dba3c816bcda655d07bd4695d.jpeg,https://bolshayastrana.com/dostoprimechatelnosti/nizhegorodskaya-oblast/nizhegorodskij-kreml-496
01_NizhnyNovgorodKremlin/a0636055cc7511602bb6f19adf76be51.jpeg,https://bolshayastrana.com/dostoprimechatelnosti/nizhegorodskaya-oblast/nizhegorodskij-kreml-496
01_NizhnyNovgorodKremlin/ivanovskaya.png,https://kremlnn.ru/towers/#tower-85
01_NizhnyNovgorodKremlin/Zachatmin.jpg,https://kremlnn.ru/towers/#tower-87
01_NizhnyNovgorodKremlin/porohovaya.png,https://kremlnn.ru/towers/#tower-90
01_NizhnyNovgorodKremlin/1e1f8c18-6a6b-41e5-bd48-abb3be5e388a.jpg,https://experience.tripster.ru/sights/nizhegorodskij-kreml/
01_NizhnyNovgorodKremlin/scale_2400.jpg,https://dzen.ru/a/YtVhhRrxOnpySw2l
01_NizhnyNovgorodKremlin/zachat2.png,https://dzen.ru/a/YtVhhRrxOnpySw2l
01_NizhnyNovgorodKremlin/nizhegorodskiy_kreml_100.jpg,https://wikiway.com/russia/nizhniy-novgorod/nizhegorodskiy-kreml/photo/#gallery-15
01_NizhnyNovgorodKremlin/e64b2e840d118efa4b19ca73875d4a60.jpg,https://chronograph.livejournal.com/260390.html
01_NizhnyNovgorodKremlin/kremlin_1113075.jpg,https://chronograph.livejournal.com/260390.html
01_NizhnyNovgorodKremlin/kremlin_1113078.jpg,https://chronograph.livejournal.com/260390.html
01_NizhnyNovgorodKremlin/0314da3f287b07180543e31979b21a48.jpg,https://ru.pinterest.com/pin/465630048955563839/
01_NizhnyNovgorodKremlin/2620_original.jpg,https://argo-60.livejournal.com/604.html
01_NizhnyNovgorodKremlin/29977_original.png,https://kasheloff.ru/photos/ivanovskoy-bashni-kremlya/
01_NizhnyNovgorodKremlin/DSC_3184.jpg,https://clone2002.livejournal.com/14178.html
04_ArkhangelskCathedral/1477744896.1592arh_novgorod.jpg,https://ruvera.ru/sobor_arhangela_mihaila
04_ArkhangelskCathedral/7b5c1248-fb2d-11ee-96fc-8665e0211562.1000x1350.jpeg,https://experience.tripster.ru/experience/60580/
04_ArkhangelskCathedral/original.jpg,https://embroideressiren.tourister.ru/photoalbum/37212
04_ArkhangelskCathedral/14777448961592arh_novgorod.jpg,https://www.pokatashkin.com/bon-voyage/travel-notes/38662
04_ArkhangelskCathedral/1600263018_5f62136a4ccd8.jpg,https://fra1.digitaloceanspaces.com/blog.ruskontur/wp-content/uploads/2023/05/1600263018_5f62136a4ccd8.jpg
04_ArkhangelskCathedral/MArch.jpg,https://ru.wikipedia.org/wiki/%D0%A4%D0%B0%D0%B9%D0%BB:%D0%9C%D0%B8%D1%85%D0%B0%D0%B9%D0%BB%D0%BE_-_%D0%90%D1%80%D1%85%D0%B0%D0%BD%D0%B3%D0%B5%D0%BB%D1%8C%D1%81%D0%BA%D0%B8%D0%B9_%D1%81%D0%BE%D0%B1%D0%BE%D1%80_-_panoramio.jpg
04_ArkhangelskCathedral/23839_2000.jpg,https://yandex.ru/images/search?from=tabbar&img_url=https%3A%2F%2Fic.pics.livejournal.com%2Fsour_74%2F73517246%2F23839%2F23839_2000.jpg&isize=large&lr=117952&pos=10&rpt=simage&text=%D0%B0%D1%80%D1%85%D0%B0%D0%BD%D0%B3%D0%B5%D0%BB%D1%8C%D1%81%D0%BA%D0%B8%D0%B9%20%D1%81%D0%BE%D0%B1%D0%BE%D1%80%20%D0%BD%D0%B8%D0%B6%D0%BD%D0%B8%D0%B9%20%D0%BD%D0%BE%D0%B2%D0%B3%D0%BE%D1%80%D0%BE%D0%B4
04_ArkhangelskCathedral/MArchS.jpg,"https://cs.wikipedia.org/wiki/Soubor:%D0%A0%D0%BE%D1%81%D1%81%D0%B8%D1%8F,_%D0%9D%D0%B8%D0%B6%D0%BD%D0%B8%D0%B9_%D0%9D%D0%BE%D0%B2%D0%B3%D0%BE%D1%80%D0%BE%D0%B4,_%D0%9D%D0%B8%D0%B6%D0%B5%D0%B3%D0%BE%D1%80%D0%BE%D0%B4%D1%81%D0%BA%D0%B8%D0%B9_%D1%80%D0%B0%D0%B9%D0%BE%D0%BD,_%D0%BA%D1%80%D0%B5%D0%BC%D0%BB%D1%8C,_%D1%81%D0%BE%D0%B1%D0%BE%D1%80_%D0%9C%D0%B8%D1%85%D0%B0%D0%B9%D0%BB%D0%BE-%D0%90%D1%80%D1%85%D0%B0%D0%BD%D0%B3%D0%B5%D0%BB%D1%8C%D1%81%D0%BA%D0%B8%D0%B9,_17-09_03.01.2007_-_panoramio.jpg"
04_ArkhangelskCathedral/scale_1200.jpg,https://dzen.ru/a/Yu_gqevVnWoNqQUd
04_ArkhangelskCathedral/3416-Arhangelskij-sobor-Nizhegorodskogo-kremlja.jpg,https://tambovgrad.ru/photo/Nizhegorodskaja-gubernija/3416-Arhangelskij-sobor-Nizhegorodskogo-kremlja.html
04_ArkhangelskCathedral/2674012290868410_d37b.jpg,https://funnyfest.ru/places/skolko-tserkvej-v-nizhnem-novgorode
04_ArkhangelskCathedral/Nizhny_Novgorod_(5526664674).jpg,https://commons.m.wikimedia.org/wiki/File:Nizhny_Novgorod_(5526664674).jpg
04_ArkhangelskCathedral/6a20110a-f510-11ee-8c01-0ed4bc0a2cc0.1080x1440.jpeg,https://experience.tripster.ru/experience/6466/?exp_partner=yandex_chem&turboofferid=6466-2024-04-12
04_ArkhangelskCathedral/Mikhailaarkh.jpg,https://commons.m.wikimedia.org/wiki/File:Mikhailaarkh.jpg
04_ArkhangelskCathedral/SAMichael.jpg,https://commons.m.wikimedia.org/wiki/File:%D0%A1%D0%BE%D0%B1%D0%BE%D1%80_%D0%90%D1%80%D1%85%D0%B0%D0%BD%D0%B3%D0%B5%D0%BB%D0%B0_%D0%9C%D0%B8%D1%85%D0%B0%D0%B8%D0%BB%D0%B0.jpg
08_PalaceOfLabor/Egca7YfB5iY.jpg,https://vk.com/album-75441027_236016632
08_PalaceOfLabor/TYm3D-APkXM.jpg,https://vk.com/album-75441027_236016632
08_PalaceOfLabor/thGvDIJjinU.jpg,https://vk.com/album-75441027_236016632
08_PalaceOfLabor/ZyVFn66hAjA.jpg,https://sergeyurich.livejournal.com/742132.html
08_PalaceOfLabor/qWFeMsEb5RM.jpg,https://sergeyurich.livejournal.com/742132.html
08_PalaceOfLabor/llvMdTZiIzc.jpg,https://sergeyurich.livejournal.com/742132.html
08_PalaceOfLabor/XohCKYMJLCM.jpg,https://sergeyurich.livejournal.com/742132.html
08_PalaceOfLabor/tnm1DjmsQB4.jpg,https://sergeyurich.livejournal.com/742132.html
08_PalaceOfLabor/YT4eAbJtoTs.jpg,https://sergeyurich.livejournal.com/742132.html
08_PalaceOfLabor/71_DCePhPb0.jpg,https://sergeyurich.livejournal.com/742132.html
08_PalaceOfLabor/hpdCoZZCNjg.jpg,https://sergeyurich.livejournal.com/742132.html
08_PalaceOfLabor/7664910_original.jpg,https://russiantowns.livejournal.com/1367382.html
08_PalaceOfLabor/7664636_original.jpg,https://russiantowns.livejournal.com/1367382.html
08_PalaceOfLabor/7664040_original.jpg,https://russiantowns.livejournal.com/1367382.html
08_PalaceOfLabor/IMG_5558.jpg,https://gelio.livejournal.com/267494.html
08_PalaceOfLabor/57_nnw.jpg,https://gelio.livejournal.com/267494.html
08_PalaceOfLabor/7970330619010.jpg,https://www.nn.ru/text/gorod/2025/01/21/75006731/
08_PalaceOfLabor/690239_1000.jpg,https://milutkin.livejournal.com/54239.html
08_PalaceOfLabor/690675_1000.jpg,https://milutkin.livejournal.com/54239.html